# -------------------------------
# CLEAN URL REDIRECTS (HTML → no extension)
# -------------------------------

/about.html              /about                301
/services.html           /services             301
/locations.html          /locations            301
/refer.html              /refer                301
/resources.html          /resources            301
/contact.html            /contact              301
/careers.html            /careers              301
/privacy-policy.html     /privacy-policy       301
/terms-of-service.html   /terms-of-service     301
/complaints.html         /complaints           301

# SERVICES SUBPAGES
/services/personal-care.html            /services/personal-care             301
/services/community-participation.html  /services/community-participation   301
/services/support-coordination.html     /services/support-coordination      301
/services/allied-health-access.html     /services/allied-health-access      301
/services/family-early-support.html     /services/family-early-support      301
/services/plan-management.html          /services/plan-management           301

# RESOURCE HUB PAGES
/resources/downloads.html       /resources/downloads        301
/resources/templates.html       /resources/templates        301
/resources/ndis-guides.html     /resources/ndis-guides      301

# LOCATION PAGES (HTML → clean URLs)
# If any .html existed previously, they now redirect cleanly.
# These ensure old links never break.

# METRO
/locations/melbourne.html            /locations/melbourne             301
/locations/frankston.html            /locations/frankston             301
/locations/dandenong.html            /locations/dandenong             301
/locations/ringwood.html             /locations/ringwood              301
/locations/epping.html               /locations/epping                301
/locations/sunshine.html             /locations/sunshine              301
/locations/werribee.html             /locations/werribee              301
/locations/mornington-peninsula.html /locations/mornington-peninsula  301

# REGIONAL
/locations/geelong.html      /locations/geelong        301
/locations/ballarat.html     /locations/ballarat       301
/locations/bendigo.html      /locations/bendigo        301
/locations/shepparton.html   /locations/shepparton     301
